{
    "tabs": {
        "00": {
            "tab_id": "00",
            "cwd": "/data/chats/524ef14881dc4d98b02522a6129ca03b/workspace/shadcn-ui",
            "observer": {
                "block": "Terminal",
                "uuid": "5fac0d32-eccf-40be-bb4f-e79620f5d2d7",
                "enable_llm_stream": false,
                "callback_url": ""
            },
            "shell_command": [
                "bash"
            ],
            "command_terminator": "\n"
        },
        "01": {
            "tab_id": "01",
            "cwd": "/data/chats/524ef14881dc4d98b02522a6129ca03b/workspace/shadcn-ui",
            "observer": {
                "block": "Terminal",
                "uuid": "b17e30ea-8813-4f68-a1a3-fbca84463ad7",
                "enable_llm_stream": false,
                "callback_url": ""
            },
            "shell_command": [
                "bash"
            ],
            "command_terminator": "\n"
        }
    },
    "current_tab_id": "01",
    "forbidden_commands": {
        "run preview": "Use Deployer.deploy_to_public instead.",
        "serve ": "Use Deployer.deploy_to_public instead.",
        "python -m http.server": "Use python -u -m http.server port_number instead."
    },
    "timeout": 300.0,
    "working_dir": "/workspace"
}